"Energy production, per person (toe)",1960,1961,1962,1963,1964,1965,1966,1967,1968,1969,1970,1971,1972,1973,1974,1975,1976,1977,1978,1979,1980,1981,1982,1983,1984,1985,1986,1987,1988,1989,1990,1991,1992,1993,1994,1995,1996,1997,1998,1999,2000,2001,2002,2003,2004,2005,2006,2007,2008,2009,2010
Afghanistan,,,,,,,,,,,,,,,,,,,,,,,,,,,,,,,,,,,,,,,,,,,,,,,,,,,
Albania,,,,,,,,,,,,0.001104587,0.00132114,0.0013079,0.001153026,0.001211565,0.001253964,0.001264081,0.001356735,0.001293998,0.001283293,0.000985922,0.000954107,0.000991661,0.001041348,0.000949881,0.000988337,0.000931496,0.000905,0.000891122,0.000744564,0.000581703,0.000427977,0.000411325,0.000401929,0.000393487,0.000425575,0.000356373,0.000352527,0.000348209,0.000320987,0.000286897,0.000310463,0.000336656,0.000368942,0.000371222,0.000377536,0.000332773,0.000362527,0.000392707,
Algeria,,,,,,,,,,,,0.002930187,0.003748941,0.003753057,0.003431465,0.003311355,0.003555722,0.003637296,0.003943917,0.004162698,0.003494696,0.003455773,0.003351031,0.003569183,0.003594428,0.003654611,0.003696668,0.003795435,0.003785036,0.003842324,0.0039572,0.003956384,0.003923934,0.003862403,0.003625997,0.003772637,0.003913986,0.004160272,0.004283636,0.004551585,0.004658606,0.004415445,0.004552614,0.004866779,0.00487377,0.005067639,0.004939545,0.00484557,0.004706748,0.004357402,
American Samoa,,,,,,,,,,,,,,,,,,,,,,,,,,,,,,,,,,,,,,,,,,,,,,,,,,,
Andorra,,,,,,,,,,,,,,,,,,,,,,,,,,,,,,,,,,,,,,,,,,,,,,,,,,,
Angola,,,,,,,,,,,,0.001507702,0.001701892,0.001847432,0.00187097,0.001716839,0.001638714,0.001532691,0.001416899,0.001485765,0.001479438,0.001303789,0.001269528,0.001519922,0.00162612,0.001736624,0.001966921,0.002334193,0.002761685,0.002704646,0.002772316,0.002811796,0.002976917,0.002685204,0.00280575,0.003008199,0.003195608,0.0032488,0.003270478,0.003223325,0.003136508,0.003020206,0.003454154,0.003330029,0.003610194,0.004300216,0.004702594,0.005423804,0.005864105,0.005440961,
Antigua and Barbuda,,,,,,,,,,,,,,,,,,,,,,,,,,,,,,,,,,,,,,,,,,,,,,,,,,,
Argentina,,,,,,,,,,,,0.001253606,0.001248913,0.00121026,0.00120351,0.001174767,0.00117164,0.001215597,0.001242499,0.00131172,0.001379739,0.001381305,0.001378644,0.001426058,0.001435884,0.001401954,0.001391378,0.001385292,0.001457909,0.001467695,0.001483256,0.001517423,0.001619616,0.001675879,0.001812904,0.001918704,0.002041618,0.002169209,0.002205043,0.002190906,0.002227543,0.002264943,0.002159907,0.002217508,0.002272505,0.002189309,0.002208712,0.002105007,0.002086387,0.002017317,
Armenia,,,,,,,,,,,,,,,,,,,,,,,,,,,,,,,3.87373E-05,3.85031E-05,7.61506E-05,0.000109818,9.21232E-05,7.60707E-05,0.000233836,0.000172023,0.000176028,0.000208936,0.000205443,0.000196384,0.000241188,0.000226151,0.000243722,0.00028092,0.000275569,0.000268672,0.000258865,0.000267403,
Aruba,,,,,,,,,,,,,,,,,,,,,,,,,,,,,,,,,,,,,,,,,,,,,,,,,,,
Australia,0.002071289,0.002148356,0.00214004,0.002161311,0.00228009,0.002490369,0.002545771,0.002625569,0.002896895,0.003107119,0.003747193,0.004146306,0.004716198,0.005046407,0.004930628,0.005396841,0.005349099,0.00578058,0.005676446,0.005952002,0.005806385,0.006522515,0.006526476,0.007007725,0.007602823,0.008098946,0.008494063,0.009117571,0.008238706,0.008585537,0.00921393,0.009642234,0.009819633,0.009867789,0.009678916,0.010315334,0.010357978,0.010850904,0.011555027,0.011269878,0.012186847,0.013093763,0.01344075,0.013285846,0.013394928,0.013728687,0.013569026,0.01413861,0.013992917,0.014185618,0.014550643
Austria,0.00104483,0.001005852,0.001022554,0.001080428,0.001066108,0.001100084,0.00111494,0.001059554,0.001022047,0.000990588,0.001065255,0.000982391,0.000974308,0.001048783,0.001032695,0.001029847,0.000954524,0.001012193,0.001034502,0.001059639,0.001010972,0.000982668,0.000993084,0.000967747,0.000973651,0.001000339,0.00101216,0.001062257,0.001208377,0.00112922,0.001056851,0.001081525,0.001099894,0.001118095,0.001063693,0.001101065,0.001084666,0.001092194,0.001113414,0.001217484,0.001221804,0.001215986,0.001214703,0.001180368,0.001209164,0.001221754,0.001225635,0.001309347,0.001345537,0.001362005,0.001331168
Azerbaijan,,,,,,,,,,,,,,,,,,,,,,,,,,,,,,,0.002862119,0.002589201,0.002437549,0.002167656,0.001947489,0.001896393,0.001833785,0.001781232,0.002048088,0.00236776,0.002337861,0.002390383,0.002385422,0.002366769,0.002364819,0.00317057,0.004381507,0.005908485,0.006555939,0.007120474,
Bahamas,,,,,,,,,,,,,,,,,,,,,,,,,,,,,,,,,,,,,,,,,,,,,,,,,,,
Bahrain,,,,,,,,,,,,0.048595977,0.044153622,0.045431739,0.045718338,0.037563384,0.036608471,0.039755514,0.036385823,0.035471116,0.033490835,0.03479771,0.027655104,0.025149742,0.027502988,0.026595888,0.02926984,0.028892234,0.028473818,0.027951508,0.027260757,0.025610845,0.02593637,0.026026642,0.02491454,0.024407701,0.024219619,0.024095948,0.024093954,0.023181243,0.023284898,0.023141229,0.023781804,0.024156021,0.023558159,0.02225494,0.020330393,0.018382466,0.016622412,0.015003702,
Bangladesh,,,,,,,,,,,,7.14581E-05,7.35433E-05,7.75027E-05,7.87074E-05,7.72853E-05,8.0266E-05,8.14834E-05,8.11756E-05,8.17349E-05,8.36601E-05,8.29803E-05,8.60768E-05,8.89518E-05,8.87538E-05,9.12047E-05,9.43867E-05,9.01127E-05,9.81742E-05,9.96019E-05,0.000102203,0.00010066,0.000103114,0.000106138,0.000108237,0.00010875,0.000108058,0.000107027,0.000109757,0.000113474,0.000116951,0.000122614,0.000124668,0.000128553,0.000132909,0.000137596,0.000149134,0.000153742,0.000160814,0.000168931,
Barbados,,,,,,,,,,,,,,,,,,,,,,,,,,,,,,,,,,,,,,,,,,,,,,,,,,,
Belarus,,,,,,,,,,,,,,,,,,,,,,,,,,,,,,,0.000325554,0.000337877,0.000339923,0.000312735,0.000334645,0.000323027,0.000324711,0.000325048,0.000314493,0.000346907,0.000349753,0.000359558,0.000369283,0.000360772,0.000367381,0.000388126,0.000400631,0.000412219,0.000416531,0.000419816,
Belgium,0.001529308,0.00145722,0.0014269,0.001431592,0.00141558,0.001309327,0.001152458,0.001080395,0.000969717,0.000861384,0.000739831,0.000708497,0.000677335,0.000668858,0.000630812,0.00081375,0.000884923,0.000922013,0.000841281,0.000773922,0.000821814,0.00083024,0.000921309,0.001113424,0.00123167,0.001418233,0.001491082,0.001467219,0.00135782,0.001306382,0.001317215,0.001300479,0.001272022,0.001206307,0.00115551,0.001184023,0.001223658,0.001325229,0.001294143,0.001370282,0.001349684,0.001304888,0.001316272,0.001329418,0.001327404,0.001335384,0.001314658,0.00136344,0.001371882,0.00143687,0.001433352
Belize,,,,,,,,,,,,,,,,,,,,,,,,,,,,,,,,,,,,,,,,,,,,,,,,,,,
Benin,,,,,,,,,,,,0.000344566,0.000343938,0.000343204,0.000342245,0.00034118,0.000339778,0.000338374,0.000337275,0.000336243,0.000335563,0.00039341,0.000394583,0.00033865,0.000333374,0.000411521,0.000418532,0.000403592,0.000384333,0.00037144,0.000371573,0.000365521,0.0003485,0.000347345,0.000338111,0.000327685,0.000330248,0.000315233,0.000300527,0.000282125,0.000221731,0.000221714,0.000222752,0.000219984,0.000219432,0.000219039,0.000232114,0.000232304,0.000232153,0.000231994,
Bermuda,,,,,,,,,,,,,,,,,,,,,,,,,,,,,,,,,,,,,,,,,,,,,,,,,,,
Bhutan,,,,,,,,,,,,,,,,,,,,,,,,,,,,,,,,,,,,,,,,,,,,,,,,,,,
Bolivia,,,,,,,,,,,,0.000531332,0.000855753,0.001006858,0.000959016,0.000895661,0.000895703,0.000834599,0.00078907,0.000756828,0.000815506,0.000824918,0.000844274,0.000842441,0.000814054,0.000793087,0.000764287,0.000711294,0.000727923,0.000730292,0.000739391,0.00074139,0.000725225,0.00072122,0.000762704,0.000772781,0.000778191,0.000742629,0.000751316,0.000637663,0.000667209,0.000734368,0.000815496,0.00091294,0.001198156,0.001522361,0.001574208,0.001639177,0.001680906,0.001452368,
Bosnia and Herzegovina,,,,,,,,,,,,,,,,,,,,,,,,,,,,,,,0.00106873,0.001039633,0.000926512,0.00085064,0.000218985,0.00024515,0.000335577,0.000637592,0.000740208,0.000725893,0.000832766,0.000825838,0.000876963,0.000921228,0.000949183,0.000964395,0.001048345,0.001044484,0.001152224,0.001187415,
Botswana,,,,,,,,,,,,,,,,,,,,,,0.000584688,0.000596003,0.000576717,0.000568419,0.00058494,0.00060489,0.000575475,0.000667303,0.00068168,0.000658634,0.000657286,0.000709513,0.000697822,0.000690025,0.000668113,0.000599332,0.000597215,0.000657549,0.00065121,0.000640893,0.000625496,0.000619023,0.000561956,0.00054985,0.000566636,0.000555051,0.000508011,0.000530447,0.000473425,
Brazil,,,,,,,,,,,,0.000498994,0.000499705,0.000496328,0.000506893,0.000498171,0.000488879,0.000492337,0.000492309,0.000509417,0.000528714,0.000534084,0.000557348,0.000613919,0.000705098,0.00075152,0.000733347,0.000743926,0.000724903,0.000731901,0.000696176,0.000688671,0.000677598,0.000673103,0.000694424,0.000692482,0.000721747,0.000756959,0.000788133,0.000822735,0.000850115,0.000860212,0.000933884,0.000981799,0.00099332,0.001047476,0.00109852,0.001139933,0.001191398,0.001191776,
Brunei,,,,,,,,,,,,0.050764155,0.068144874,0.091657188,0.090638067,0.091113439,0.108229578,0.111130139,0.107179196,0.111098751,0.111655394,0.085580673,0.084349243,0.083070562,0.077021338,0.073332308,0.069414785,0.067042978,0.063558364,0.062341889,0.062040531,0.063086491,0.065669205,0.062590194,0.062470691,0.062983651,0.059457391,0.057584955,0.05433014,0.058133454,0.060190004,0.059375232,0.059326525,0.060775695,0.058293895,0.057997648,0.060264795,0.05495659,0.05491727,0.048334629,
Bulgaria,,,,,,,,,,,,0.00066873,0.000651508,0.000633679,0.000593638,0.000703888,0.000726268,0.000747221,0.00076392,0.000828969,0.000873118,0.000959711,0.001049371,0.001079319,0.001110382,0.001063547,0.00110257,0.001122928,0.001177507,0.001142499,0.00109002,0.0009726,0.001020955,0.00108577,0.00111511,0.001232324,0.001290357,0.00124618,0.001249293,0.001135497,0.001238677,0.001309585,0.001349416,0.001303988,0.001318588,0.001375983,0.001435303,0.001305202,0.001349447,0.00130273,
Burkina Faso,,,,,,,,,,,,,,,,,,,,,,,,,,,,,,,,,,,,,,,,,,,,,,,,,,,
Burundi,,,,,,,,,,,,,,,,,,,,,,,,,,,,,,,,,,,,,,,,,,,,,,,,,,,
Cambodia,,,,,,,,,,,,,,,,,,,,,,,,,,,,,,,,,,,,0.000259701,0.000258199,0.000257247,0.000256812,0.000256842,0.000257296,0.000257348,0.000258043,0.000258719,0.000259383,0.000260422,0.000261602,0.000262903,0.000261026,0.000262411,
Cameroon,,,,,,,,,,,,0.000349243,0.000346857,0.000344477,0.000343847,0.000343182,0.000341638,0.000345092,0.000399669,0.000569329,0.000736268,0.00086024,0.00093734,0.000943759,0.00121301,0.001186787,0.001146877,0.001127278,0.001045791,0.000978613,0.000901049,0.000856143,0.000841261,0.000789452,0.00076883,0.00070274,0.000718861,0.000745571,0.000751311,0.000717275,0.000710835,0.000666803,0.000672055,0.000649269,0.000629636,0.000598598,0.000571634,0.000503859,0.000495882,0.000461465,
Canada,0.003187751,0.003514032,0.003979851,0.00415767,0.004416516,0.004559373,0.004823135,0.005075941,0.005410369,0.005881009,0.006665886,0.007068051,0.007913391,0.008765114,0.008387118,0.00810423,0.007778001,0.008014758,0.007968768,0.008665054,0.008460447,0.008102266,0.008102662,0.008199888,0.008955668,0.009334841,0.009154593,0.009515984,0.010124052,0.010025827,0.009881188,0.010166933,0.010365605,0.01100563,0.011667076,0.011905401,0.012113609,0.012230119,0.012133986,0.011994743,0.012153191,0.012173424,0.012277782,0.012217657,0.01245504,0.012423363,0.012589181,0.012625424,0.012184057,0.011575486,0.011634758
Cape Verde,,,,,,,,,,,,,,,,,,,,,,,,,,,,,,,,,,,,,,,,,,,,,,,,,,,
Cayman Islands,,,,,,,,,,,,,,,,,,,,,,,,,,,,,,,,,,,,,,,,,,,,,,,,,,,
Central African Rep.,,,,,,,,,,,,,,,,,,,,,,,,,,,,,,,,,,,,,,,,,,,,,,,,,,,
Chad,,,,,,,,,,,,,,,,,,,,,,,,,,,,,,,,,,,,,,,,,,,,,,,,,,,
Channel Islands,,,,,,,,,,,,,,,,,,,,,,,,,,,,,,,,,,,,,,,,,,,,,,,,,,,
Chile,,,,,,,,,,,,0.000547921,0.0005447,0.000503285,0.000496764,0.00047841,0.000490258,0.000491839,0.00048892,0.000455141,0.000518899,0.000547513,0.000551231,0.000553727,0.000566924,0.000562254,0.000569712,0.000565101,0.00056928,0.000574498,0.000566461,0.000587578,0.000597846,0.000558268,0.000554317,0.000544508,0.00053819,0.000532953,0.000508668,0.000492222,0.000526342,0.000551634,0.000545084,0.000507255,0.000501045,0.000544299,0.000556029,0.000510937,0.000539192,0.000548419,0.000558371
China,,,,,,,,,,,,0.000471227,0.000483447,0.000491131,0.000497007,0.000543296,0.000549903,0.00058868,0.00063095,0.000637557,0.000626007,0.000614367,0.000631143,0.000652918,0.00068931,0.000703671,0.000710552,0.000719437,0.000735907,0.000760942,0.000773922,0.000770992,0.000776072,0.000791202,0.000825958,0.000878245,0.000893906,0.000884937,0.000868834,0.000842938,0.000838368,0.000855948,0.000910788,0.001018476,0.001148211,0.001241143,0.001314682,0.001380643,0.001497995,0.001561859,
Colombia,,,,,,,,,,,,0.000886036,0.000811393,0.000750531,0.000720497,0.000712478,0.000681013,0.000665466,0.000681343,0.00067064,0.000658863,0.000671229,0.000697787,0.000716919,0.000774612,0.000831248,0.001072962,0.001264849,0.001258722,0.001353236,0.001451035,0.001375041,0.001404266,0.001404264,0.001432033,0.001648742,0.00177033,0.001789264,0.0019143,0.001956404,0.001843205,0.001805075,0.001681295,0.001779795,0.001797405,0.001846533,0.00193581,0.00197515,0.002079636,0.002171766,
Comoros,,,,,,,,,,,,,,,,,,,,,,,,,,,,,,,,,,,,,,,,,,,,,,,,,,,
"Congo, Dem. Rep.",,,,,,,,,,,,0.000284561,0.000284368,0.000285137,0.000282739,0.000284644,0.000335481,0.000329627,0.000317983,0.000321772,0.000317618,0.000321835,0.000324472,0.000329154,0.000340875,0.000343321,0.000341361,0.000338443,0.000334476,0.000332907,0.00033013,0.000322971,0.000315858,0.000308699,0.000307449,0.000310852,0.000312498,0.000309848,0.000309285,0.000310775,0.000352819,0.000356684,0.000356183,0.000358914,0.000362705,0.000361545,0.000362281,0.000363159,0.000362711,0.000363627,
"Congo, Rep.",,,,,,,,,,,,0.000243087,0.000473539,0.00166702,0.00189503,0.001426212,0.001567162,0.00136326,0.0016944,0.001849305,0.002123457,0.002482377,0.002692632,0.002988075,0.003233825,0.003082185,0.003060684,0.00315235,0.003398814,0.003726765,0.003661172,0.003579166,0.003725436,0.003986232,0.003688328,0.003677867,0.003985933,0.004311316,0.004593595,0.004777697,0.004650735,0.00423094,0.00399214,0.003586069,0.003640154,0.003861022,0.004232002,0.003354099,0.003452944,0.00387567,
Costa Rica,,,,,,,,,,,,0.000355544,0.000356794,0.000350783,0.000346078,0.000341481,0.000341861,0.000321428,0.000323566,0.000323067,0.000327309,0.000325436,0.000318799,0.000326461,0.000379331,0.000372693,0.000356988,0.000356049,0.000345871,0.000332161,0.000336081,0.000335482,0.000395998,0.000294841,0.000287986,0.000277169,0.000279531,0.000282029,0.00025465,0.000289151,0.000326445,0.000316495,0.000346348,0.000346994,0.000493086,0.000536188,0.000574088,0.00061899,0.000590473,0.000589853,
Cote d'Ivoire,,,,,,,,,,,,0.000289841,0.000288284,0.000284489,0.000282718,0.00028061,0.000277036,0.000272565,0.000269023,0.000272216,0.000284543,0.000320402,0.000355549,0.000371654,0.000358614,0.000362185,0.000350418,0.0003319,0.000307019,0.000273129,0.000270216,0.000267037,0.000282945,0.000284306,0.00028415,0.000289401,0.000341851,0.000351201,0.000340919,0.000370914,0.000362595,0.000353596,0.000379989,0.000388482,0.000538384,0.000589778,0.000651645,0.000616749,0.000601209,0.000614505,
Croatia,,,,,,,,,,,,,,,,,,,,,,,,,,,,,,,0.00113661,0.001055983,0.000944948,0.000982022,0.000875004,0.000895532,0.000911402,0.000890311,0.000876792,0.000792597,0.000795501,0.000837208,0.00083071,0.000840878,0.000871119,0.000856499,0.000936457,0.000917526,0.000895156,0.000921746,
Cuba,,,,,,,,,,,,0.000603714,0.000558088,0.000578187,0.000590828,0.000591095,0.000587877,0.0006298,0.000680545,0.000700964,0.000664716,0.000665276,0.000720788,0.000732455,0.000747302,0.000737286,0.000764788,0.000769553,0.000780104,0.000827391,0.000892615,0.000783824,0.000780777,0.000606871,0.000618518,0.000567474,0.000609464,0.000594113,0.000549795,0.000624015,0.000712495,0.000732754,0.000734855,0.00071569,0.000665859,0.000558585,0.000530653,0.000515516,0.000505826,0.000494117,
Cyprus,,,,,,,,,,,,1.46895E-05,1.45222E-05,1.43595E-05,6.39226E-06,9.62737E-06,1.20544E-05,1.19097E-05,1.21283E-05,1.23594E-05,9.12751E-06,8.73104E-06,8.69915E-06,8.32534E-06,9.48004E-06,9.56871E-06,9.45261E-06,8.97801E-06,8.17074E-06,8.01225E-06,8.00482E-06,7.07364E-06,6.85894E-06,6.67881E-06,1.39763E-05,4.9607E-05,4.94127E-05,4.67276E-05,4.73097E-05,4.71667E-05,4.69101E-05,4.62453E-05,4.56457E-05,4.81839E-05,4.92968E-05,4.9414E-05,4.91743E-05,6.87894E-05,7.69489E-05,7.75984E-05,
Czech Rep.,,,,,,,,,,,,0.004068229,0.004024694,0.003890894,0.003931147,0.004051685,0.004134044,0.004280557,0.004128242,0.004229889,0.004015685,0.004018374,0.00406451,0.004122578,0.004185561,0.004142039,0.004232825,0.004339264,0.004279024,0.004118995,0.003970604,0.003743192,0.003515085,0.003464192,0.00322417,0.003140981,0.003208992,0.003249538,0.003063387,0.002803424,0.002992558,0.00306667,0.00308038,0.003284728,0.003385521,0.00322073,0.003271495,0.003272564,0.003162561,0.002988454,0.002996056
Denmark,0.000217261,0.000202115,0.000197709,0.00019292,0.000170545,0.000164893,0.000154262,0.000111462,6.75582E-05,3.81442E-05,7.66362E-05,6.63873E-05,8.70417E-05,8.49855E-05,8.87974E-05,0.000104027,0.000117385,0.000179098,0.000171693,0.000189945,0.000185897,0.000304935,0.000503054,0.000605392,0.000690893,0.000973593,0.001272509,0.001593955,0.001621926,0.001858033,0.001960951,0.002311867,0.002497802,0.002675818,0.002896158,0.002978636,0.003361656,0.003835881,0.003847029,0.004470215,0.005194295,0.005066696,0.005322724,0.005287667,0.00576015,0.0057763,0.005428996,0.004951883,0.004842909,0.004328239,0.00418127
Djibouti,,,,,,,,,,,,,,,,,,,,,,,,,,,,,,,,,,,,,,,,,,,,,,,,,,,
Dominica,,,,,,,,,,,,,,,,,,,,,,,,,,,,,,,,,,,,,,,,,,,,,,,,,,,
Dominican Rep.,,,,,,,,,,,,0.000261415,0.000261501,0.000246868,0.00024802,0.000244105,0.000252779,0.000242143,0.000245142,0.000246972,0.000229003,0.000262395,0.000285494,0.000283322,0.000302977,0.000208505,0.000208508,0.000208669,0.000170254,0.000143358,0.000143303,0.00014217,0.000179388,0.000189683,0.000187029,0.000181766,0.000180491,0.000178719,0.000165757,0.000176231,0.000165383,0.000171592,0.000170729,0.000171252,0.000176614,0.000202576,0.000200853,0.000199516,0.000194718,0.000193086,
Ecuador,,,,,,,,,,,,0.000225058,0.000836923,0.00182556,0.001527005,0.001370852,0.001524529,0.001465227,0.001541447,0.001539722,0.001476843,0.001473403,0.001420689,0.001582221,0.001686912,0.001757634,0.001762191,0.0011045,0.001747307,0.001598873,0.001605547,0.001647187,0.001711394,0.00179763,0.001923201,0.001943633,0.001889842,0.001866238,0.001792691,0.001765143,0.001834885,0.001831473,0.001738896,0.00182546,0.002218762,0.002191192,0.002191271,0.002087759,0.002030824,0.001915922,
Egypt,,,,,,,,,,,,0.00044505,0.000321142,0.000256088,0.00022494,0.00033023,0.000447656,0.000550854,0.000645311,0.000660607,0.000744755,0.00078558,0.000797319,0.000845326,0.000949619,0.001010817,0.0009224,0.001002098,0.000949623,0.000962712,0.000965269,0.000958235,0.000958567,0.00099601,0.000969988,0.000963646,0.000929419,0.000898567,0.000875835,0.000892594,0.0008344,0.000827497,0.000867608,0.000901149,0.000887662,0.001036471,0.001055158,0.001069365,0.001117,0.001106251,
El Salvador,,,,,,,,,,,,0.00032706,0.000328669,0.000329741,0.000336647,0.000368768,0.000439572,0.000445221,0.000465551,0.0004487,0.000410727,0.000454106,0.00046876,0.000439851,0.000442695,0.000401955,0.000326189,0.00035109,0.000316319,0.000314638,0.000317368,0.000317282,0.000317941,0.000310514,0.000309504,0.000312403,0.000314675,0.00031693,0.000314651,0.000338785,0.000356797,0.000382927,0.000387644,0.000398559,0.000396696,0.000411446,0.000433076,0.000475402,0.000507348,0.000513672,
Equatorial Guinea,,,,,,,,,,,,,,,,,,,,,,,,,,,,,,,,,,,,,,,,,,,,,,,,,,,
Eritrea,,,,,,,,,,,,,,,,,,,,,,,,,,,,,,,,,0.000222209,0.000222452,0.000222066,0.00022736,0.000231517,0.000233645,0.000140501,0.000140145,0.000138456,0.000139351,0.000137762,0.000135973,0.000111547,0.000111404,0.000110775,0.000110429,0.000110276,0.000110145,
Estonia,,,,,,,,,,,,,,,,,,,,,,,,,,,,,,,0.00345404,0.003052506,0.002915278,0.002161507,0.00232547,0.002232463,0.002642397,0.00262338,0.002332407,0.002168248,0.002320453,0.00232604,0.002487535,0.002889266,0.00275123,0.002874146,0.002787223,0.003282496,0.003148218,0.003098239,0.003651708
Ethiopia,,,,,,,,,,,,0.000272951,0.000272194,0.00027171,0.000272085,0.000273647,0.000276599,0.000280619,0.000285066,0.000288951,0.000291591,0.000292695,0.000292706,0.000291821,0.000290621,0.000289281,0.000288643,0.00028842,0.000288618,0.000289214,0.000290733,0.000290761,0.000290825,0.000273762,0.000272954,0.000271755,0.000270407,0.000268848,0.000269805,0.000268844,0.000267922,0.000267656,0.000267152,0.00026704,0.00026706,0.000267324,0.000267875,0.00037006,0.000372341,0.000374108,
Faeroe Islands,,,,,,,,,,,,,,,,,,,,,,,,,,,,,,,,,,,,,,,,,,,,,,,,,,,
Fiji,,,,,,,,,,,,,,,,,,,,,,,,,,,,,,,,,,,,,,,,,,,,,,,,,,,
Finland,0.001194606,0.001232113,0.001236974,0.001191717,0.001184857,0.001192735,0.001193537,0.001182354,0.001133571,0.001094947,0.001084546,0.001077965,0.001050083,0.001046065,0.001062642,0.000927422,0.000880041,0.00106696,0.001124337,0.001350567,0.001446276,0.001867005,0.002091786,0.002097124,0.002158006,0.002116615,0.002300366,0.002165358,0.002263509,0.002345144,0.002422739,0.002229839,0.002407584,0.002333725,0.00255571,0.002576338,0.002656194,0.002926436,0.002637816,0.002983898,0.002913559,0.002909768,0.003094579,0.003073167,0.003024002,0.003176853,0.003454336,0.003050134,0.003105916,0.003098917,0.003197409
France,0.00099142,0.000952677,0.000952192,0.000894753,0.000950202,0.000943327,0.000932146,0.000893187,0.000822465,0.000821493,0.00098678,0.000930542,0.00090844,0.000849806,0.000808023,0.000826875,0.000775982,0.0008363,0.000855555,0.000891866,0.000976243,0.001181682,0.001168114,0.001334666,0.001546835,0.001688082,0.001796633,0.001857067,0.001859925,0.001936772,0.001972712,0.002080585,0.002101374,0.002201466,0.00214784,0.002210152,0.002270222,0.00220941,0.002144131,0.00216418,0.002215181,0.002224599,0.002244832,0.002257224,0.002261545,0.00224676,0.002235774,0.002191109,0.002210556,0.002073846,0.002162767
French Polynesia,,,,,,,,,,,,,,,,,,,,,,,,,,,,,,,,,,,,,,,,,,,,,,,,,,,
Gabon,,,,,,,,,,,,0.011956617,0.012697172,0.015279817,0.019247112,0.020061239,0.019392568,0.018856927,0.017305957,0.016438714,0.013830183,0.011872973,0.011862477,0.011529166,0.011279401,0.011882992,0.011145198,0.010233533,0.01013628,0.012403549,0.015747614,0.016602324,0.016001476,0.016439376,0.017510154,0.018179355,0.017809436,0.017540772,0.01626975,0.014280046,0.012257306,0.011421834,0.010941851,0.011473153,0.011243067,0.010899847,0.009687686,0.009683239,0.009315025,0.009195776,
Gambia,,,,,,,,,,,,,,,,,,,,,,,,,,,,,,,,,,,,,,,,,,,,,,,,,,,
Georgia,,,,,,,,,,,,,,,,,,,,,,,,,,,,,,,0.000386356,0.000306841,0.000278993,0.000338761,0.000199844,0.000236768,0.000323011,0.000292655,0.000283524,0.000276536,0.000279324,0.000269925,0.000287253,0.000301314,0.000285057,0.000219056,0.00020912,0.000243545,0.000245452,0.000287716,
Germany,0.001720273,0.00172233,0.001717453,0.001737971,0.001747195,0.001659917,0.001562311,0.0014314,0.001462595,0.001497555,0.002234794,0.002234843,0.002188222,0.002182984,0.002200802,0.002188309,0.002213405,0.002205047,0.002226777,0.00232297,0.002371034,0.002461634,0.002476895,0.002439105,0.00254504,0.002694512,0.00257208,0.002558873,0.002585176,0.002549748,0.002353617,0.002112988,0.002033327,0.001878244,0.001780967,0.001770141,0.001742763,0.001743998,0.00165111,0.001665904,0.001643446,0.00163505,0.001631871,0.001647079,0.001672186,0.001639828,0.001652646,0.001666757,0.001619068,0.001542246,0.001569782
Ghana,,,,,,,,,,,,0.000262284,0.000269749,0.00027825,0.000285091,0.000284516,0.000288223,0.000292753,0.000289222,0.000300741,0.000302586,0.000300279,0.00029395,0.000273303,0.000267458,0.000275974,0.000286023,0.000289493,0.000291986,0.000296394,0.000296862,0.000304776,0.000308838,0.000308786,0.000309705,0.000309032,0.000310483,0.000310399,0.000296112,0.000301366,0.000306994,0.000305372,0.000297673,0.00029194,0.000296692,0.000296894,0.000295531,0.000286957,0.000294806,0.000295808,
Gibraltar,,,,,,,,,,,,0,0,0,0,0,0,0,0,0,0,0,0,0,0,0,0,0,0,0,0,0,0,0,0,0,0,0,0,0,0,0,0,0,0,0,0,0,0,0,
Greece,3.86815E-05,4.07052E-05,4.56668E-05,5.84492E-05,6.11066E-05,7.49761E-05,8.8922E-05,9.25322E-05,9.97127E-05,0.000118797,0.000191989,0.000236025,0.000244349,0.000261929,0.000272772,0.000323566,0.000377719,0.000389895,0.000370324,0.000394732,0.000383297,0.000454012,0.000562625,0.000603928,0.000649378,0.000697805,0.000724479,0.000804461,0.000821421,0.000877516,0.000905301,0.000881719,0.000865177,0.000857932,0.00086532,0.000871302,0.000848032,0.000883031,0.000903258,0.000871704,0.000908907,0.00090322,0.000923716,0.000891432,0.000924014,0.000922326,0.000897287,0.000903661,0.000873417,0.000889927,0.00080881
Greenland,,,,,,,,,,,,,,,,,,,,,,,,,,,,,,,,,,,,,,,,,,,,,,,,,,,
Grenada,,,,,,,,,,,,,,,,,,,,,,,,,,,,,,,,,,,,,,,,,,,,,,,,,,,
Guam,,,,,,,,,,,,,,,,,,,,,,,,,,,,,,,,,,,,,,,,,,,,,,,,,,,
Guatemala,,,,,,,,,,,,0.000345454,0.000344705,0.000345388,0.000345598,0.000392498,0.000407696,0.00040404,0.000396821,0.000404094,0.0003671,0.000370027,0.000389827,0.000381777,0.000363029,0.000349976,0.000374155,0.000369819,0.000369499,0.000373106,0.00037998,0.000383799,0.000387673,0.000378134,0.0003688,0.000382407,0.000413698,0.000445849,0.000463147,0.000489037,0.000466113,0.000454231,0.000458265,0.000452526,0.000438409,0.000432239,0.0004167,0.000407465,0.000393333,0.000431223,
Guinea,,,,,,,,,,,,,,,,,,,,,,,,,,,,,,,,,,,,,,,,,,,,,,,,,,,
Guinea-Bissau,,,,,,,,,,,,,,,,,,,,,,,,,,,,,,,,,,,,,,,,,,,,,,,,,,,
Guyana,,,,,,,,,,,,,,,,,,,,,,,,,,,,,,,,,,,,,,,,,,,,,,,,,,,
Haiti,,,,,,,,,,,,0.000287433,0.000293325,0.000295698,0.00030102,0.00030648,0.000309859,0.000313195,0.000318395,0.000324813,0.000329974,0.000269623,0.000266557,0.00026387,0.000258863,0.000255252,0.000186918,0.000185951,0.000186278,0.000183688,0.000175796,0.000174314,0.000181476,0.000176817,0.000177786,0.000176746,0.000198762,0.000193979,0.000194928,0.000190601,0.000178332,0.000175473,0.000193922,0.000184383,0.000179506,0.000205462,0.000207664,0.000208733,0.000204309,0.000189235,
Honduras,,,,,,,,,,,,0.000366321,0.000365551,0.000362162,0.000361982,0.00035843,0.000354978,0.000354546,0.000355347,0.000354386,0.000362391,0.000356296,0.00035447,0.000349199,0.000342564,0.00034736,0.000339406,0.000348123,0.000346229,0.000343175,0.000346477,0.000338545,0.000328133,0.000321315,0.000306918,0.000297936,0.000297473,0.000326194,0.000317966,0.000242494,0.000244801,0.000235437,0.000238629,0.000245345,0.000247056,0.000257731,0.000281641,0.000296065,0.000284555,0.000294615,
"Hong Kong, China",,,,,,,,,,,,7.74404E-06,8.02987E-06,7.87655E-06,8.0249E-06,7.87379E-06,7.95882E-06,7.40132E-06,7.45874E-06,7.57052E-06,7.65976E-06,7.5599E-06,7.71841E-06,7.62739E-06,7.54292E-06,7.75325E-06,7.65127E-06,7.54453E-06,7.68716E-06,7.58303E-06,7.48897E-06,7.40814E-06,7.3771E-06,7.5353E-06,7.44276E-06,7.59434E-06,7.6651E-06,7.55413E-06,7.44349E-06,7.3681E-06,7.33653E-06,7.34001E-06,7.36298E-06,7.36474E-06,7.4399E-06,7.46917E-06,7.5055E-06,7.53494E-06,7.5318E-06,7.49616E-06,
Hungary,,,,,,0.001026043,0.001017939,0.000993527,0.001045421,0.001074225,0.001141172,0.001144306,0.001133962,0.001217028,0.001214977,0.001191575,0.00127609,0.001323879,0.001440573,0.001371509,0.001354341,0.001348912,0.001398765,0.001416956,0.001475203,0.001556388,0.00153101,0.001604989,0.001570125,0.001543376,0.001405854,0.001381095,0.001344154,0.001323672,0.001284492,0.001344591,0.001322831,0.001294846,0.001214201,0.001164306,0.00113782,0.001109707,0.001102306,0.001027292,0.001012435,0.001027958,0.001026967,0.001018134,0.001047357,0.001100188,0.001099522
Iceland,0.000857152,0.000879912,0.000929769,0.000991047,0.001051727,0.00104901,0.001142641,0.001224256,0.001368229,0.001539781,0.001935258,0.002045005,0.002187996,0.002545184,0.00246342,0.002653609,0.002791851,0.003044556,0.003164657,0.003738056,0.003962592,0.004755239,0.004982546,0.005214444,0.005241735,0.00518839,0.005226733,0.005331806,0.005497403,0.005590121,0.005495273,0.005585233,0.005347321,0.005684049,0.005590112,0.005851879,0.005982448,0.006165458,0.006581376,0.007868504,0.008198578,0.008631152,0.0085847,0.008481051,0.008597497,0.008883475,0.010825816,0.012926704,0.014018708,0.013951576,0.014267764
India,,,,,,,,,,,,0.000249821,0.000251542,0.000251012,0.000257611,0.000266281,0.000266633,0.000266977,0.000265814,0.000264433,0.000266939,0.000279205,0.000287367,0.000295266,0.00030393,0.000305175,0.000313174,0.00031621,0.000325866,0.000328959,0.000333967,0.000338114,0.00033646,0.000333815,0.00033926,0.000348137,0.000348337,0.00035287,0.00034556,0.000346867,0.000347667,0.000349571,0.000352367,0.000358401,0.000364609,0.000370493,0.000378443,0.000385641,0.000393237,0.000416041,
Indonesia,,,,,,,,,,,,0.000590877,0.000656086,0.000743295,0.000741443,0.000703251,0.000769147,0.00084185,0.000834701,0.000826716,0.000832702,0.000829107,0.000726512,0.000729135,0.000818395,0.000765914,0.000798356,0.000783247,0.000784163,0.000822968,0.000917169,0.000978465,0.000984327,0.001005112,0.001058617,0.001083495,0.00110991,0.001117909,0.001108827,0.001159536,0.001107127,0.001117339,0.001132386,0.001149027,0.001179149,0.001231729,0.001364278,0.001369272,0.001378173,0.001481971,
Iran,,,,,,,,,,,,0.008111444,0.008835796,0.009989313,0.009997883,0.008687069,0.009274466,0.008624988,0.007695413,0.004614995,0.002093424,0.001985114,0.003121165,0.003083636,0.002674445,0.002634549,0.002107605,0.002570368,0.002414012,0.002998034,0.003267971,0.003497482,0.003540955,0.003705329,0.003709356,0.003743801,0.003698392,0.003639553,0.003634929,0.003990899,0.00408763,0.003912682,0.003949023,0.004326798,0.004453935,0.004558286,0.004654906,0.004828423,0.004769087,0.004782545,
Iraq,,,,,,,,,,,,0.008300665,0.006972743,0.009309173,0.008799061,0.009795255,0.010161213,0.009508771,0.010136486,0.013285396,0.009859111,0.003206357,0.003519172,0.003352738,0.004040404,0.00471971,0.005515456,0.006767216,0.008297893,0.008750183,0.006039768,0.000931734,0.001301493,0.001436492,0.001539154,0.00154422,0.001561065,0.003018618,0.004904776,0.005649492,0.00567108,0.005465039,0.004584828,0.003101981,0.003923183,0.003561749,0.003599193,0.003634524,0.003955706,0.00389395,
Ireland,0.00048855,0.000477982,0.000474449,0.000472597,0.000479603,0.000388235,0.000436348,0.000469113,0.000586608,0.000553101,0.000478053,0.000474794,0.000451244,0.000363136,0.000417479,0.000521277,0.000435625,0.000405553,0.000337168,0.000434178,0.000554037,0.000720569,0.000871056,0.000915033,0.001030136,0.000805094,0.00074485,0.000850669,0.00081317,0.001065231,0.000981782,0.000929091,0.000868241,0.000967782,0.000992448,0.001135576,0.000972669,0.000777315,0.000663698,0.00065573,0.000567412,0.000459107,0.000392354,0.000457384,0.000455101,0.000392997,0.000377688,0.000327561,0.000348353,0.000346467,0.000435205
Isle of Man,,,,,,,,,,,,,,,,,,,,,,,,,,,,,,,,,,,,,,,,,,,,,,,,,,,
Israel,,,,,,,,,,,,0.002022219,0.002057314,0.001960198,0.001318343,0.001970892,2.5697E-05,2.21764E-05,2.07024E-05,2.33592E-05,4.09713E-05,3.93342E-05,2.03041E-05,1.72317E-05,1.39275E-05,6.91006E-05,8.22021E-05,8.59298E-05,8.84206E-05,8.90898E-05,9.42446E-05,9.43758E-05,9.52681E-05,0.000100671,9.99532E-05,0.000102711,0.000101504,0.000103712,0.00010414,0.000101918,0.000106739,0.000109701,0.000113482,0.000116278,0.000269199,0.00031937,0.000397215,0.000418906,0.000549925,0.000449824,0.000502813
Italy,0.000279456,0.000283168,0.000279628,0.000289984,0.000310666,0.000311658,0.000322024,0.000325435,0.000334226,0.000349299,0.000372556,0.000363694,0.000372074,0.000374437,0.000387265,0.000380804,0.000392583,0.000375725,0.000375014,0.000366817,0.000353875,0.000369473,0.000399459,0.000379267,0.000399268,0.000401074,0.000436745,0.000425726,0.000448268,0.000443774,0.000445402,0.000458656,0.000479025,0.000496954,0.000517923,0.000516416,0.000531631,0.000534418,0.000532753,0.000513803,0.000494317,0.000469461,0.000477475,0.000481186,0.000487323,0.000474645,0.000464225,0.000443416,0.000450336,0.000448294,0.000476052
Jamaica,,,,,,,,,,,,0.000146132,0.00014557,0.00012835,0.000134307,0.000126034,0.000124926,0.000113602,0.000121597,0.000105491,0.00010499,0.000103615,0.000112306,0.000105115,0.00012003,0.000109806,0.000110216,0.000109834,0.000111089,0.000131633,0.000204921,0.000203852,0.000201986,0.000195461,0.000198997,0.000196391,0.000200266,0.000203397,0.000184198,0.000188144,0.000228095,0.000192108,0.000149761,0.000149676,0.000154682,0.00015349,0.000152516,0.00015222,0.000181491,0.000194405,
Japan,0.000507893,0.000534732,0.00051055,0.000495616,0.000498668,0.00049453,0.000496527,0.00045036,0.000443694,0.000413379,0.000379341,0.000340346,0.000305874,0.000272989,0.000279792,0.000270026,0.00029453,0.000282707,0.000317087,0.000342501,0.000373476,0.000381116,0.000439953,0.00046544,0.000496954,0.000558772,0.000571355,0.000592068,0.000574074,0.000578821,0.000615132,0.000645657,0.000651202,0.000708932,0.000729186,0.00079167,0.000814873,0.00084896,0.000870738,0.000832792,0.00084174,0.000832263,0.000768978,0.000666296,0.000752914,0.000795198,0.00080197,0.000716088,0.000700872,0.000741128,0.000751248
Jordan,,,,,,,,,,,,5.31184E-07,5.10047E-07,4.93198E-07,4.78729E-07,4.65375E-07,5.69288E-07,3.28664E-07,3.20217E-07,3.11253E-07,3.01476E-07,3.90647E-07,3.75451E-07,4.52636E-07,4.34325E-07,4.17347E-07,5.73225E-06,8.00951E-06,6.39145E-06,1.65539E-05,4.74264E-05,4.40553E-05,4.49288E-05,4.68817E-05,6.45404E-05,6.37754E-05,6.09373E-05,6.27084E-05,6.2922E-05,6.01334E-05,5.92358E-05,5.718E-05,5.25487E-05,5.6268E-05,5.64465E-05,4.79021E-05,5.28213E-05,4.88938E-05,4.71011E-05,4.86437E-05,
Kazakhstan,,,,,,,,,,,,,,,,,,,,,,,,,,,,,,,0.005472199,0.00553024,0.005417026,0.004814187,0.004395513,0.003985334,0.004030337,0.004204972,0.004217305,0.004348134,0.005209,0.00559297,0.006068959,0.006754012,0.007538514,0.007735763,0.008260206,0.008451044,0.009084522,0.009204796,
Kenya,,,,,,,,,,,,0.000366818,0.000367187,0.000367177,0.00036798,0.000368476,0.000367847,0.000368616,0.00037022,0.000371204,0.00036959,0.000371191,0.000371276,0.000372188,0.000371816,0.000372791,0.000386553,0.000386272,0.000385598,0.000385254,0.000384413,0.0003834,0.000381545,0.000381108,0.000379894,0.000382546,0.000381974,0.000380099,0.000380375,0.000377415,0.000375245,0.000378839,0.000379536,0.000389303,0.00039349,0.000392122,0.000392116,0.000392055,0.000393454,0.000394626,
Kiribati,,,,,,,,,,,,,,,,,,,,,,,,,,,,,,,,,,,,,,,,,,,,,,,,,,,
"Korea, Dem. Rep.",,,,,,,,,,,,0.001240818,0.001240234,0.001236147,0.00125087,0.001272975,0.001327335,0.001387065,0.001437287,0.001507048,0.001578307,0.001606368,0.001659324,0.001640881,0.001655758,0.001699164,0.001659448,0.001607555,0.00156424,0.001530727,0.001435422,0.001372221,0.001175463,0.001064075,0.000991061,0.000919817,0.000810983,0.000780114,0.000704391,0.000778307,0.000820698,0.000835203,0.000801458,0.000821879,0.000857574,0.000927677,0.000931561,0.000819914,0.000862665,0.000836019,
"Korea, Rep.",,,,,,,,,,,,0.000198728,0.000189063,0.000202139,0.000224126,0.000242313,0.000221212,0.000227415,0.000239378,0.000244814,0.000247515,0.000255648,0.000258772,0.000287745,0.000317683,0.000360343,0.000447929,0.000514148,0.000509555,0.000514279,0.000526346,0.000511771,0.00046638,0.000455345,0.000434315,0.00047352,0.000500323,0.000524657,0.000595144,0.000669722,0.000747501,0.000754788,0.000750565,0.000813749,0.000817136,0.000912651,0.0009251,0.000896949,0.000937088,0.000923878,0.000925986
Kosovo,,,,,,,,,,,,,,,,,,,,,,,,,,,,,,,,,,,,,,,,,,,,,,,,,,,
Kuwait,,,,,,,,,,,,0.198812443,0.199659916,0.172151411,0.136954927,0.106155677,0.102671962,0.089647969,0.093003184,0.105818464,0.06797431,0.044048373,0.030657003,0.03772088,0.040228881,0.034889074,0.03544741,0.035947705,0.040888726,0.047488825,0.024128615,0.004947261,0.031082539,0.059358188,0.067533982,0.070624849,0.070811995,0.068631208,0.066623355,0.058020381,0.058902094,0.05573507,0.048717538,0.056889868,0.060092655,0.064871427,0.064208589,0.060017087,0.060153134,0.049216229,
Kyrgyzstan,,,,,,,,,,,,,,,,,,,,,,,,,,,,,,,0.00056935,0.000548776,0.000406116,0.000350252,0.000322567,0.000274105,0.000283118,0.000266107,0.000230848,0.000265609,0.00029124,0.000271292,0.000240589,0.000280112,0.000293932,0.000286973,0.000292643,0.00027762,0.000228701,0.000220228,
Laos,,,,,,,,,,,,,,,,,,,,,,,,,,,,,,,,,,,,,,,,,,,,,,,,,,,
Latvia,,,,,,,,,,,,,,,,,,,,,,,,,,,,,,,0.000421373,0.000424633,0.000413527,0.000459058,0.000523905,0.000574545,0.000582996,0.000665707,0.000731639,0.000683319,0.00059076,0.000643255,0.000684634,0.000744105,0.000796464,0.000807037,0.000805149,0.000789599,0.000787665,0.000927296,
Lebanon,,,,,,,,,,,,6.66368E-05,6.49707E-05,5.33998E-05,6.52135E-05,6.41893E-05,6.37375E-05,6.34812E-05,6.31961E-05,6.39593E-05,6.35499E-05,6.31006E-05,5.65623E-05,5.33751E-05,5.38158E-05,5.35682E-05,5.28514E-05,5.44922E-05,5.42755E-05,5.16995E-05,4.84478E-05,4.99114E-05,5.33767E-05,5.25448E-05,5.49456E-05,5.20093E-05,5.35331E-05,5.57399E-05,5.28957E-05,4.21143E-05,4.46866E-05,4.18977E-05,4.94372E-05,6.41362E-05,5.84421E-05,5.65413E-05,4.89199E-05,4.64839E-05,3.97911E-05,4.13308E-05,
Lesotho,,,,,,,,,,,,,,,,,,,,,,,,,,,,,,,,,,,,,,,,,,,,,,,,,,,
Liberia,,,,,,,,,,,,,,,,,,,,,,,,,,,,,,,,,,,,,,,,,,,,,,,,,,,
Libya,,,,,,,,,,,,0.066115012,0.052939624,0.049711584,0.033920797,0.03194965,0.039731028,0.040326651,0.037207265,0.037524248,0.031521077,0.019997917,0.017870028,0.016379538,0.015863579,0.014863462,0.014328517,0.013543524,0.01409573,0.014383312,0.016881631,0.018470753,0.01729088,0.016114019,0.015991231,0.015941011,0.01557557,0.015306154,0.015523549,0.013495373,0.013924899,0.013493614,0.012124174,0.013987514,0.015258006,0.016367883,0.016991076,0.016217725,0.016349233,0.01391349,
Liechtenstein,,,,,,,,,,,,,,,,,,,,,,,,,,,,,,,,,,,,,,,,,,,,,,,,,,,
Lithuania,,,,,,,,,,,,,,,,,,,,,,,,,,,,,,,0.001335463,0.001332149,0.001185132,0.001049821,0.000737955,0.001060006,0.001245927,0.001135682,0.001300034,0.001038559,0.000960333,0.00122514,0.001461019,0.001557807,0.001515207,0.001147589,0.001025846,0.001125056,0.001146804,0.001260369,
Luxembourg,5.47767E-06,1.54538E-05,1.20564E-05,5.29273E-07,1.96285E-05,2.56829E-05,2.32108E-05,2.4927E-05,2.51153E-05,2.16964E-05,2.43408E-05,1.38078E-05,1.61186E-05,1.15023E-05,2.00711E-05,1.70104E-05,1.09512E-05,6.68819E-05,6.65924E-05,7.17831E-05,8.07836E-05,8.30889E-05,7.86091E-05,7.78357E-05,8.4552E-05,8.36342E-05,7.08449E-05,9.09802E-05,9.78346E-05,9.31928E-05,7.55512E-05,7.90839E-05,0.000116662,0.000111528,0.000112786,0.000109341,9.04138E-05,0.000101346,0.000124831,0.000124096,0.000131539,0.000132434,0.0001266,0.00013021,0.000147837,0.000193184,0.000197328,0.000198907,0.000208005,0.000213282,0.000204898
"Macao, China",,,,,,,,,,,,,,,,,,,,,,,,,,,,,,,,,,,,,,,,,,,,,,,,,,,
"Macedonia, FYR",,,,,,,,,,,,,,,,,,,,,,,,,,,,,,,0.000658251,0.000701285,0.000794054,0.000778429,0.000774408,0.000812512,0.000794669,0.000752395,0.000877271,0.000815823,0.000763874,0.000781267,0.000748203,0.000821795,0.000785922,0.000774399,0.000791658,0.000734192,0.000791222,0.000781647,
Madagascar,,,,,,,,,,,,,,,,,,,,,,,,,,,,,,,,,,,,,,,,,,,,,,,,,,,
Malawi,,,,,,,,,,,,,,,,,,,,,,,,,,,,,,,,,,,,,,,,,,,,,,,,,,,
Malaysia,,,,,,,,,,,,0.000426561,0.000525257,0.000508139,0.00046842,0.000542001,0.000795744,0.000852911,0.001134856,0.001393567,0.001315986,0.001198674,0.001363408,0.001817947,0.002175634,0.00216989,0.002479027,0.002459187,0.002552865,0.002662198,0.002678002,0.002821698,0.00282239,0.002864301,0.002886702,0.003115149,0.003297573,0.003382461,0.003342835,0.003184936,0.003251652,0.003219126,0.003283573,0.003349423,0.003456595,0.003505453,0.003394549,0.003332149,0.003385857,0.003209134,
Maldives,,,,,,,,,,,,,,,,,,,,,,,,,,,,,,,,,,,,,,,,,,,,,,,,,,,
Mali,,,,,,,,,,,,,,,,,,,,,,,,,,,,,,,,,,,,,,,,,,,,,,,,,,,
Malta,,,,,,,,,,,,0,0,0,0,0,0,0,0,0,0,0,0,0,0,0,0,0,0,0,0,0,0,0,0,0,0,0,0,0,0,0,5.94167E-07,7.65835E-07,9.97095E-07,1.28269E-06,1.56902E-06,1.9098E-06,2.19111E-06,2.58899E-06,
Marshall Islands,,,,,,,,,,,,,,,,,,,,,,,,,,,,,,,,,,,,,,,,,,,,,,,,,,,
Mauritania,,,,,,,,,,,,,,,,,,,,,,,,,,,,,,,,,,,,,,,,,,,,,,,,,,,
Mauritius,,,,,,,,,,,,,,,,,,,,,,,,,,,,,,,,,,,,,,,,,,,,,,,,,,,
Mayotte,,,,,,,,,,,,,,,,,,,,,,,,,,,,,,,,,,,,,,,,,,,,,,,,,,,
Mexico,,,,,,,,,,,,0.000811359,0.000818028,0.000832885,0.000944262,0.001046559,0.001095909,0.001242107,0.001451374,0.001691636,0.002137843,0.00243509,0.002724581,0.002638412,0.002613415,0.002531508,0.002342247,0.002405039,0.002346041,0.002304509,0.00230887,0.002351767,0.002304476,0.002280302,0.002245872,0.002184353,0.002258903,0.002306254,0.00231071,0.0022391,0.002223908,0.002228846,0.002197017,0.002277923,0.002347902,0.002385123,0.002324011,0.002235339,0.0021093,0.001963979,0.001919238
"Micronesia, Fed. Sts.",,,,,,,,,,,,,,,,,,,,,,,,,,,,,,,,,,,,,,,,,,,,,,,,,,,
Moldova,,,,,,,,,,,,,,,,,,,,,,,,,,,,,,,1.32728E-05,1.50469E-05,1.32668E-05,1.44693E-05,1.2053E-05,1.24764E-05,2.11327E-05,2.34567E-05,1.48244E-05,1.53277E-05,1.55423E-05,1.83753E-05,1.90362E-05,2.17049E-05,2.4075E-05,2.3477E-05,2.34923E-05,2.3997E-05,2.79429E-05,2.88025E-05,
Monaco,,,,,,,,,,,,,,,,,,,,,,,,,,,,,,,,,,,,,,,,,,,,,,,,,,,
Mongolia,,,,,,,,,,,,,,,,,,,,,,,,,,0.001293657,0.001354655,0.001460457,0.001564087,0.001436599,0.00125364,0.001460373,0.001288273,0.001125569,0.001016438,0.00097832,0.000805545,0.000772013,0.00078469,0.000769291,0.000794605,0.000781525,0.000834685,0.000797225,0.000804684,0.001342934,0.001449149,0.001705562,0.001914705,0.002835879,
Montenegro,,,,,,,,,,,,,,,,,,,,,,,,,,,,,,,,,,,,,,,,,,,,,,,,,,,
Morocco,,,,,,,,,,,,3.94511E-05,4.24312E-05,4.16948E-05,4.33978E-05,4.31693E-05,4.55674E-05,4.94817E-05,4.63828E-05,4.69587E-05,4.48668E-05,4.04257E-05,3.82295E-05,3.9466E-05,4.04202E-05,3.9191E-05,3.90625E-05,3.482E-05,3.48819E-05,3.1183E-05,3.12028E-05,3.30655E-05,3.17722E-05,3.02263E-05,3.20144E-05,3.08574E-05,3.20976E-05,3.037E-05,2.7236E-05,2.16247E-05,1.98197E-05,2.00341E-05,1.98844E-05,2.1465E-05,2.26185E-05,2.008E-05,2.04873E-05,2.06023E-05,2.02172E-05,2.4708E-05,
Mozambique,,,,,,,,,,,,0.00063787,0.000619862,0.000606385,0.000597178,0.000591084,0.000572952,0.000545221,0.00052385,0.000511891,0.000501131,0.00049219,0.000476,0.000459628,0.00045063,0.000444258,0.000435101,0.000432364,0.000428185,0.000423205,0.000413976,0.000404057,0.000393291,0.000383724,0.000376669,0.000370771,0.000365981,0.000365188,0.000391576,0.000392519,0.000398782,0.000403849,0.00040433,0.000392019,0.00044675,0.000484114,0.000502448,0.000507795,0.000516199,0.000521379,
Myanmar,,,,,,,,,,,,0.000273831,0.000277568,0.000277459,0.000272606,0.000275408,0.000282322,0.000286027,0.000285412,0.000285849,0.000289516,0.000287621,0.00028547,0.000286713,0.000294157,0.000307222,0.000304963,0.00029222,0.000279495,0.000282348,0.000271308,0.000262971,0.000267293,0.00025373,0.000263613,0.000261045,0.00025529,0.000257694,0.000276672,0.000307222,0.000342658,0.000349551,0.000360915,0.000400555,0.000446147,0.000499126,0.000492448,0.000508346,0.000486601,0.000469682,
Namibia,,,,,,,,,,,,,,,,,,,,,,,,,,,,,,,,0.000148459,0.000139487,0.000133075,0.000118444,0.000150609,0.0001354,0.000124082,0.000139969,0.000145625,0.000151086,0.00015273,0.000151073,0.000157772,0.000158172,0.000155675,0.000147788,0.000153971,0.000147017,0.000146559,
Nepal,,,,,,,,,,,,0.000295091,0.000294794,0.000294364,0.000294049,0.000293542,0.000293497,0.000293213,0.000292953,0.000292732,0.000292634,0.000292131,0.000291811,0.000291263,0.000290654,0.00029014,0.000289961,0.000289308,0.000288572,0.000288475,0.000288285,0.00028741,0.000286101,0.000285126,0.000284339,0.000284256,0.000283345,0.000281948,0.000281328,0.000281545,0.000292552,0.000293751,0.000298,0.000298123,0.000298282,0.000298808,0.00029801,0.000298256,0.000299009,0.000299714,
Netherlands,0.000893284,0.000906829,0.000850176,0.000847049,0.000859492,0.000907644,0.000924184,0.001022839,0.001357453,0.00174684,0.002227789,0.002851143,0.003611179,0.004248472,0.00494745,0.005244898,0.005566143,0.005504095,0.005027518,0.005251733,0.00509796,0.004712273,0.004035186,0.004318991,0.004377148,0.004589696,0.004288382,0.004238581,0.003759217,0.004023635,0.004065607,0.004493367,0.004462164,0.004505538,0.004335052,0.004324456,0.004804245,0.004242956,0.004056428,0.003772753,0.003629138,0.003852452,0.003779922,0.003638951,0.004193088,0.003816428,0.003730464,0.003724611,0.004035977,0.003807423,0.004198016
New Caledonia,,,,,,,,,,,,,,,,,,,,,,,,,,,,,,,,,,,,,,,,,,,,,,,,,,,
New Zealand,0.001048405,0.001064622,0.001088396,0.001196912,0.001299334,0.001284563,0.001280037,0.001165941,0.00118607,0.001196138,0.001205202,0.001189774,0.001309536,0.001353882,0.00150432,0.001555761,0.001749368,0.00195448,0.001905632,0.001683406,0.001738438,0.001823089,0.002095592,0.002221246,0.002461843,0.002738135,0.003001869,0.002922825,0.003125369,0.003410809,0.003372419,0.00351812,0.00352417,0.003617529,0.003481106,0.003465341,0.003721176,0.003867753,0.003542985,0.00360005,0.003659465,0.003633988,0.003695328,0.003328843,0.003194735,0.003041861,0.00312222,0.003313349,0.003503844,0.003519758,0.003789979
Nicaragua,,,,,,,,,,,,0.000297854,0.000297315,0.000302769,0.000303369,0.000305055,0.000308377,0.000296799,0.000290974,0.000291457,0.000279628,0.000276241,0.000277495,0.000277302,0.000337513,0.000351286,0.000323591,0.000319433,0.000319247,0.000356138,0.000362687,0.000365275,0.000352094,0.000340551,0.000327676,0.000322332,0.000326797,0.000330512,0.000296771,0.000296775,0.000305993,0.000299203,0.000317814,0.000341341,0.000360803,0.000360315,0.000380327,0.00029769,0.000300125,0.000298863,
Niger,,,,,,,,,,,,,,,,,,,,,,,,,,,,,,,,,,,,,,,,,,,,,,,,,,,
Nigeria,,,,,,,,,,,,0.001897934,0.002112527,0.002267154,0.002381025,0.001968345,0.002147274,0.002116219,0.001925995,0.002168292,0.001965476,0.001532629,0.001417903,0.00137118,0.001447663,0.001496549,0.001452882,0.001364952,0.00142169,0.001550215,0.001542278,0.001567313,0.001581232,0.001571271,0.001546386,0.00153785,0.001615682,0.001681811,0.001598385,0.001554372,0.00163085,0.001666805,0.00151045,0.001626396,0.00168522,0.001668595,0.001639507,0.001574258,0.001514916,0.001480513,
Northern Mariana Islands,,,,,,,,,,,,,,,,,,,,,,,,,,,,,,,,,,,,,,,,,,,,,,,,,,,
Norway,0.000828447,0.000873558,0.000989406,0.001005781,0.001115252,0.001222421,0.001193322,0.001290181,0.001417319,0.001352507,0.001365403,0.001543421,0.00194542,0.002033922,0.002150159,0.004023295,0.005400545,0.00575208,0.009097037,0.011275667,0.013454518,0.013514209,0.013479233,0.015398257,0.016825682,0.017478307,0.017959425,0.020666232,0.022577134,0.026716004,0.028072409,0.030729502,0.034208902,0.035913352,0.039197127,0.042276711,0.047219956,0.048177873,0.04634537,0.046894763,0.050537124,0.050038657,0.051764351,0.051423802,0.049781981,0.048396019,0.046057731,0.04551278,0.045823007,0.044194564,0.041998994
Oman,,,,,,,,,,,,0.020056449,0.018596976,0.018555597,0.017591317,0.019773357,0.020133871,0.017652871,0.015608151,0.013968732,0.01277351,0.01395155,0.013563418,0.014869332,0.015259433,0.0173862,0.018855443,0.018912822,0.01942288,0.019301771,0.020509495,0.020290225,0.020548759,0.020977998,0.021189403,0.021798964,0.022205909,0.022735271,0.022874972,0.023906109,0.026943937,0.028667433,0.027503717,0.025911843,0.024753759,0.024804129,0.024762888,0.023620625,0.024056726,0.024776814,
Pakistan,,,,,,,,,,,,0.000235205,0.000236218,0.000241473,0.000246646,0.000249422,0.000245706,0.000250295,0.000251871,0.000254412,0.000259929,0.000265022,0.000267912,0.000269369,0.000264579,0.000272373,0.000278711,0.000296274,0.000297854,0.000304758,0.000305581,0.000314618,0.000319655,0.0003219,0.000318413,0.000322307,0.000321114,0.000314409,0.000314412,0.000319366,0.000324648,0.000331908,0.000332819,0.000360974,0.000377449,0.000387509,0.000383285,0.000390463,0.000377815,0.00038042,
Palau,,,,,,,,,,,,,,,,,,,,,,,,,,,,,,,,,,,,,,,,,,,,,,,,,,,
Panama,,,,,,,,,,,,0.00022051,0.000212586,0.000208955,0.000217803,0.000220063,0.000228574,0.000243208,0.000261485,0.000261588,0.000269997,0.000284469,0.000278016,0.000258258,0.000278311,0.000277132,0.00027188,0.000263916,0.00026304,0.000258748,0.000253434,0.000244353,0.000247713,0.000257835,0.000248166,0.000225712,0.000256726,0.000252589,0.000226194,0.000251844,0.000255555,0.000225058,0.000240356,0.000220325,0.000236509,0.000227084,0.000227898,0.00020749,0.00020488,0.000192429,
Papua New Guinea,,,,,,,,,,,,,,,,,,,,,,,,,,,,,,,,,,,,,,,,,,,,,,,,,,,
Paraguay,,,,,,,,,,,,0.000459246,0.000455293,0.000476875,0.000475319,0.000445937,0.000457075,0.000449867,0.000468158,0.000473651,0.000502475,0.000496071,0.000492273,0.000502407,0.000489056,0.000549898,0.000730506,0.000936785,0.000963266,0.001042004,0.001078565,0.00111981,0.001012276,0.001053809,0.001148534,0.001256588,0.001302515,0.001398129,0.001339658,0.00128809,0.001279663,0.001128921,0.001130884,0.001166867,0.001145803,0.001141573,0.001186611,0.001190827,0.00120898,0.001172355,
Peru,,,,,,,,,,,,0.00054236,0.000539637,0.000549247,0.000563059,0.00053152,0.000537143,0.000577425,0.000748664,0.000842288,0.000837069,0.000822156,0.000823387,0.000730813,0.000768765,0.000753469,0.00070022,0.000634034,0.000555825,0.000507772,0.000488631,0.000444321,0.000425523,0.000438188,0.000431846,0.000420549,0.000410703,0.000395012,0.000390224,0.00037394,0.000361951,0.000358907,0.00034954,0.000353168,0.000352699,0.00039604,0.000418046,0.000442932,0.000444377,0.000526444,
Philippines,,,,,,,,,,,,0.000206281,0.000205071,0.000208893,0.000210146,0.000210277,0.000211627,0.0002103,0.000211389,0.000246544,0.000259567,0.00026644,0.000282932,0.000300496,0.000304276,0.000304495,0.000295687,0.00027961,0.000281892,0.000282109,0.000279593,0.000266388,0.00026056,0.000248609,0.000243428,0.000228478,0.000223372,0.000222104,0.000232998,0.000246569,0.000252879,0.000232644,0.000249471,0.000250289,0.000248873,0.000250203,0.000245635,0.000249799,0.000254834,0.000255982,
Poland,0.002232238,0.002269218,0.002300843,0.002353179,0.00246337,0.002483439,0.002539342,0.002567357,0.002682059,0.002838689,0.002943909,0.003025608,0.003133875,0.003218289,0.003291014,0.003405864,0.003488764,0.003549565,0.003774211,0.003838602,0.003559618,0.003011712,0.003433048,0.003463133,0.003460279,0.003463219,0.003504343,0.003515913,0.003499187,0.003219606,0.002729456,0.002616218,0.002553533,0.002540674,0.002539554,0.002588088,0.002577233,0.002605289,0.00228313,0.002189043,0.002077801,0.002098024,0.002097722,0.002090556,0.002064805,0.002060773,0.002033868,0.001898732,0.001867108,0.001765365,0.001771087
Portugal,0.000142533,0.000147636,0.000143248,0.000148054,0.000150951,0.000153628,0.000164223,0.000166985,0.000162501,0.000176749,0.000162099,0.000158551,0.000159532,0.000156764,0.00015877,0.000144192,0.000124402,0.000173184,0.000180969,0.000186616,0.000151331,0.000126527,0.000146385,0.000160537,0.000174965,0.000195029,0.00018557,0.000196009,0.00022309,0.000251215,0.000341881,0.000341297,0.000294779,0.000326759,0.000345923,0.000327728,0.000373015,0.000367023,0.000364049,0.000327352,0.000372095,0.000394661,0.000349468,0.000414325,0.000370759,0.000342774,0.000412622,0.000438254,0.000421913,0.000458394,0.000558639
Puerto Rico,,,,,,,,,,,,,,,,,,,,,,,,,,,,,,,,,,,,,,,,,,,,,,,,,,,
Qatar,,,,,,,,,,,,0.186337755,0.193654174,0.209693765,0.173616681,0.145212743,0.152115707,0.129267381,0.132611619,0.135362196,0.119455455,0.09857009,0.076450044,0.063976913,0.076325164,0.056544363,0.055618721,0.048853908,0.050085914,0.055322986,0.056078246,0.055432805,0.059813912,0.058365453,0.057163661,0.057292707,0.057549611,0.075928187,0.083719978,0.093376933,0.100241793,0.10368503,0.108524866,0.110053229,0.122855997,0.113434474,0.104275993,0.095498067,0.095367656,0.087588034,
Romania,,,,,,,,,,,,0.002090879,0.002147287,0.002216401,0.002257871,0.002351695,0.002429395,0.002496974,0.002472082,0.002353067,0.002368612,0.00244942,0.002457826,0.002482454,0.002461119,0.002390167,0.002364556,0.002287593,0.002316958,0.002147577,0.001759563,0.001552489,0.001493699,0.001454948,0.001389997,0.001424874,0.001454242,0.001399906,0.001287755,0.001249498,0.001274462,0.001250963,0.001322629,0.001334514,0.00129836,0.0012763,0.001286193,0.001279602,0.001340226,0.001313839,
Russia,,,,,,,,,,,,,,,,,,,,,,,,,,,,,,,0.008722812,0.008191601,0.007647857,0.007099728,0.006659749,0.006506865,0.006500199,0.006301048,0.006360444,0.006532159,0.006663939,0.006897987,0.007189993,0.007726738,0.008123779,0.008364924,0.008549922,0.008647427,0.008758699,0.008259161,
Rwanda,,,,,,,,,,,,,,,,,,,,,,,,,,,,,,,,,,,,,,,,,,,,,,,,,,,
Saint Kitts and Nevis,,,,,,,,,,,,,,,,,,,,,,,,,,,,,,,,,,,,,,,,,,,,,,,,,,,
Saint Lucia,,,,,,,,,,,,,,,,,,,,,,,,,,,,,,,,,,,,,,,,,,,,,,,,,,,
Saint Martin,,,,,,,,,,,,,,,,,,,,,,,,,,,,,,,,,,,,,,,,,,,,,,,,,,,
Saint Vincent and the Grenadines,,,,,,,,,,,,,,,,,,,,,,,,,,,,,,,,,,,,,,,,,,,,,,,,,,,
Samoa,,,,,,,,,,,,,,,,,,,,,,,,,,,,,,,,,,,,,,,,,,,,,,,,,,,
San Marino,,,,,,,,,,,,,,,,,,,,,,,,,,,,,,,,,,,,,,,,,,,,,,,,,,,
Sao Tome and Principe,,,,,,,,,,,,,,,,,,,,,,,,,,,,,,,,,,,,,,,,,,,,,,,,,,,
Saudi Arabia,,,,,,,,,,,,0.040496957,0.048816354,0.058669377,0.062415236,0.049636387,0.057238636,0.057965335,0.050314028,0.05396441,0.054444821,0.050867336,0.032475338,0.023984035,0.021074725,0.015183293,0.020619037,0.017176706,0.019774786,0.019200682,0.0229377,0.027938638,0.02789575,0.026746043,0.025628353,0.025269397,0.025107165,0.024574863,0.025004872,0.022749575,0.023910613,0.022735879,0.020520992,0.023069546,0.02381631,0.024148586,0.023227107,0.021739743,0.022139651,0.019708869,
Senegal,,,,,,,,,,,,0.000194995,0.000190314,0.000185864,0.000181803,0.000178184,0.000174927,0.000172011,0.000169271,0.000166506,0.000163585,0.000160482,0.000157258,0.000153978,0.000150703,0.000147478,0.000144292,0.000141348,0.000139679,0.000136426,0.000133052,0.000129938,0.000126831,0.000125284,0.000123526,0.000126814,0.000126408,0.00012442,0.000124455,0.000123109,0.00012542,0.00012414,0.000125603,0.000122245,0.000118684,0.000116372,0.000110241,0.000106507,0.00010438,0.00010375,
Serbia,,,,,,,,,,,,,,,,,,,,,,,,,,,,,,,0.001400536,0.001252878,0.001203428,0.001138565,0.001040913,0.001194978,0.001180182,0.001216686,0.00124472,0.001033819,0.001128213,0.001100464,0.001127212,0.001146603,0.001167083,0.001043939,0.001074082,0.001075085,0.001096557,0.000958285,
Seychelles,,,,,,,,,,,,,,,,,,,,,,,,,,,,,,,,,,,,,,,,,,,,,,,,,,,
Sierra Leone,,,,,,,,,,,,,,,,,,,,,,,,,,,,,,,,,,,,,,,,,,,,,,,,,,,
Singapore,,,,,,,,,,,,0,0,0,0,0,0,0,0,0,0,0,0,0,0,0,0,0,0,0,0,0,0,0,0,0,0,0,3.83488E-06,3.9379E-06,5.78828E-06,6.04654E-06,8.3624E-06,6.89615E-06,6.45192E-06,1.08036E-05,7.79759E-06,5.39598E-06,6.77547E-06,5.84251E-06,
Slovak Republic,,,,,,,,,,,,0.00059171,0.000579081,0.000556399,0.000554323,0.000549726,0.000531784,0.000519893,0.00054022,0.000588931,0.000698566,0.000710407,0.000741522,0.000754103,0.000791299,0.000910491,0.000996815,0.001006499,0.001014955,0.001033627,0.001002667,0.000912472,0.000843397,0.000934893,0.001022889,0.000939345,0.000925215,0.000917918,0.000925146,0.001020642,0.001170481,0.00123629,0.001261251,0.001218311,0.001192306,0.001220436,0.00122081,0.001100222,0.001179876,0.001088827,0.001123322
Slovenia,,,,,,,,,,,,,,,,,,,,,,,,,,,,,,,0.001592666,0.001603961,0.001516662,0.001419397,0.001476897,0.001509644,0.001458949,0.001517449,0.001539027,0.001446804,0.001560231,0.001589037,0.001676045,0.001637353,0.001731677,0.001751981,0.001715302,0.001721733,0.001819527,0.001749545,0.001746377
Solomon Islands,,,,,,,,,,,,,,,,,,,,,,,,,,,,,,,,,,,,,,,,,,,,,,,,,,,
Somalia,,,,,,,,,,,,,,,,,,,,,,,,,,,,,,,,,,,,,,,,,,,,,,,,,,,
South Africa,,,,,,,,,,,,0.001634757,0.0015986,0.001655197,0.001708364,0.001759431,0.001860426,0.002001522,0.002119578,0.002344058,0.002516391,0.002713223,0.00284836,0.002901686,0.003198443,0.003320674,0.003339051,0.003258875,0.003320425,0.003186006,0.00311287,0.003102351,0.002977108,0.003104908,0.003164172,0.00325531,0.003200718,0.003343873,0.003331891,0.003285355,0.003253428,0.003193447,0.00312544,0.003289491,0.003336957,0.00330362,0.003257731,0.00325131,0.003284121,0.003228788,
Spain,0.000323618,0.000323745,0.000299772,0.000318247,0.000297768,0.000306756,0.000323484,0.000298405,0.000303752,0.000310142,0.000286607,0.000305861,0.000335237,0.000324707,0.000371871,0.000373708,0.000349232,0.000395957,0.000394408,0.000420894,0.000420682,0.000468907,0.000517251,0.000574817,0.000653988,0.000688003,0.000733891,0.000721315,0.000780916,0.000890034,0.000889264,0.000880878,0.000862374,0.000839585,0.000820215,0.000799295,0.00082738,0.000800244,0.00081378,0.000767501,0.000786226,0.000821636,0.000768779,0.000784625,0.000762666,0.000694369,0.000711214,0.000678274,0.000674164,0.000651219,0.000735745
Sri Lanka,,,,,,,,,,,,0.000219318,0.000215245,0.000213945,0.000213348,0.00022591,0.000224852,0.00021333,0.000215056,0.000215248,0.000212753,0.000215441,0.000220006,0.000216854,0.000233063,0.00023288,0.000238164,0.000238946,0.000242706,0.000244283,0.000241747,0.000239388,0.000243934,0.00023762,0.000220956,0.000220622,0.000229217,0.000235848,0.000233314,0.000244366,0.000253279,0.00024116,0.000237482,0.000240334,0.000242987,0.000247964,0.00025694,0.000250412,0.000247725,0.000246108,
Sudan,,,,,,,,,,,,0.000373206,0.000370131,0.000366929,0.00036379,0.000360786,0.00035975,0.000358266,0.000356886,0.000355384,0.000353195,0.00035086,0.000348317,0.000352351,0.000343247,0.000341201,0.00033949,0.000337713,0.000335866,0.000333714,0.000331194,0.000327784,0.000324004,0.000319924,0.0003505,0.000345035,0.000348636,0.000347063,0.000348727,0.000432471,0.000590099,0.000636074,0.000681741,0.000693157,0.000720519,0.000702357,0.000740125,0.00086513,0.000823217,0.0008286,
Suriname,,,,,,,,,,,,,,,,,,,,,,,,,,,,,,,,,,,,,,,,,,,,,,,,,,,
Swaziland,,,,,,,,,,,,,,,,,,,,,,,,,,,,,,,,,,,,,,,,,,,,,,,,,,,
Sweden,0.000732964,0.000788426,0.000806046,0.000787425,0.000845427,0.000874792,0.000844945,0.000881268,0.00086606,0.000807568,0.000807189,0.000913541,0.000972318,0.001135955,0.001102669,0.001427985,0.001510391,0.001598015,0.001799161,0.001770277,0.001940734,0.002315136,0.002294571,0.002506599,0.002914662,0.003216932,0.00346977,0.003495234,0.00352937,0.003407488,0.003468293,0.003647277,0.003396398,0.003354835,0.003556074,0.003607021,0.003613926,0.003664702,0.003839549,0.003754938,0.00344474,0.003819116,0.003575585,0.003460918,0.003824173,0.003840203,0.003611355,0.003665794,0.003597877,0.003259013,0.00346994
Switzerland,0.00039864,0.000407406,0.000400784,0.000413296,0.000398168,0.000433432,0.000461208,0.000484578,0.000470256,0.000453487,0.000544634,0.000466885,0.000530389,0.000678197,0.000698541,0.000802526,0.00070807,0.000848248,0.000841455,0.000990501,0.001115222,0.001209511,0.001218107,0.001222613,0.001262063,0.00145812,0.001470291,0.001502876,0.001500491,0.001414214,0.001536147,0.00154312,0.001550398,0.00157545,0.001632932,0.001597393,0.001531322,0.001591286,0.001605772,0.00168926,0.001677268,0.00174307,0.001674993,0.001677479,0.001639281,0.00148054,0.001638928,0.001683528,0.001690749,0.001675031,0.00165792
Syria,,,,,,,,,,,,0.000806685,0.000864188,0.000789577,0.000888134,0.001282352,0.001309595,0.001158797,0.001221637,0.001042103,0.001066794,0.001063463,0.000978877,0.0009818,0.000963013,0.000917306,0.000907971,0.001152348,0.00131088,0.001592378,0.001810967,0.002094687,0.002123326,0.002138375,0.002253015,0.002334163,0.00218901,0.002192216,0.0022158,0.002176968,0.002043463,0.002060343,0.002187118,0.002060164,0.001577103,0.001410632,0.001312104,0.001236046,0.001206158,0.001175839,
Tajikistan,,,,,,,,,,,,,,,,,,,,,,,,,,,,,,,0.000381975,0.0003384,0.000299936,0.00030342,0.000270114,0.000230098,0.000229845,0.000209298,0.000210526,0.000226477,0.000204844,0.000206716,0.00021654,0.000231411,0.000233403,0.000239573,0.000232844,0.000238306,0.000222377,0.000221376,
Tanzania,,,,,,,,,,,,0.000489322,0.000474616,0.000461181,0.000449307,0.000439567,0.000427256,0.000416253,0.000406481,0.000397719,0.000390454,0.000386276,0.000382136,0.000378538,0.000375004,0.000372016,0.000368487,0.000365343,0.000362201,0.000359154,0.000355726,0.000351832,0.00034701,0.000343639,0.000339148,0.000336,0.00033347,0.000329634,0.000346704,0.000364126,0.000372838,0.000382486,0.000389016,0.000392438,0.000398375,0.000406478,0.000409789,0.000412718,0.000413325,0.000414607,
Thailand,,,,,,,,,,,,0.000207682,0.000203737,0.000202964,0.000212386,0.000238538,0.000244094,0.000247694,0.000237311,0.000252039,0.000235506,0.000249557,0.000273575,0.000222283,0.000255959,0.000316278,0.000328268,0.000356848,0.000387657,0.000432313,0.000465691,0.00051322,0.000530002,0.000515,0.000536081,0.000556481,0.000616534,0.00065683,0.000643434,0.000665383,0.000697216,0.000676204,0.000709481,0.000752475,0.000774304,0.000824024,0.000845075,0.000884509,0.000943237,0.000898103,
Timor-Leste,,,,,,,,,,,,,,,,,,,,,,,,,,,,,,,,,,,,,,,,,,,,,,,,,,,
Togo,,,,,,,,,,,,0.000283634,0.000282446,0.000282041,0.000279793,0.000280593,0.000281187,0.000284499,0.000286005,0.000282068,0.000281472,0.000280675,0.000279946,0.000276909,0.000276307,0.000276247,0.000276169,0.000281589,0.000281484,0.000282708,0.000287609,0.000297246,0.000304676,0.000315566,0.000321709,0.00033216,0.000337957,0.000340508,0.000345193,0.000370152,0.000368141,0.00036622,0.000366535,0.000367228,0.00036723,0.000369923,0.000368703,0.000371241,0.000370131,0.000371261,
Tonga,,,,,,,,,,,,,,,,,,,,,,,,,,,,,,,,,,,,,,,,,,,,,,,,,,,
Trinidad and Tobago,,,,,,,,,,,,0.008334708,0.008878886,0.01005146,0.010874206,0.012081795,0.011980807,0.012885141,0.013056773,0.012210012,0.012187597,0.011136448,0.010896767,0.010045145,0.010701361,0.010928845,0.010583578,0.01005734,0.010348023,0.010212279,0.010376108,0.009989595,0.010014344,0.009305795,0.009793152,0.00965118,0.010167645,0.01008177,0.010826456,0.012496712,0.015473165,0.015913637,0.01839927,0.023727349,0.02520678,0.027698168,0.032394595,0.032558826,0.032103501,0.032929093,
Tunisia,,,,,,,,,,,,0.000890125,0.00085258,0.000836212,0.000883825,0.000953063,0.000773478,0.000860615,0.000956649,0.001037334,0.001033354,0.000977214,0.000919094,0.000956664,0.000927464,0.000893702,0.000848425,0.000795971,0.000770309,0.000759004,0.000697222,0.000759541,0.00077431,0.000660868,0.000620753,0.000596467,0.000652568,0.000693472,0.000731858,0.000719018,0.000701558,0.000695101,0.000696013,0.000663648,0.000693381,0.000674064,0.000661993,0.000779978,0.000736968,0.000753631,
Turkey,0.000332777,0.000328236,0.00032824,0.000335985,0.00034066,0.000352147,0.000375771,0.000395653,0.000398337,0.000404349,0.000394478,0.000380983,0.000408017,0.000409791,0.000410187,0.000410811,0.000410666,0.000410121,0.000417341,0.00040378,0.000388556,0.000400211,0.000410494,0.00040783,0.000418761,0.000442511,0.000466569,0.000487356,0.000474302,0.000481881,0.000476901,0.000465452,0.000470485,0.000459503,0.000454159,0.000449881,0.000453373,0.000459977,0.000470839,0.000438495,0.00040638,0.000378267,0.000368469,0.000355584,0.000358599,0.000351187,0.000381503,0.000389659,0.000408589,0.000421456,0.000416301
Turkmenistan,,,,,,,,,,,,,,,,,,,,,,,,,,,,,,,0.020410186,0.019648247,0.012576628,0.01438351,0.00802117,0.007840415,0.007698855,0.004566456,0.004121351,0.005917732,0.010211871,0.011070477,0.011491378,0.012597276,0.012312396,0.012876839,0.01249298,0.013545889,0.013909086,0.008214281,
Turks and Caicos Islands,,,,,,,,,,,,,,,,,,,,,,,,,,,,,,,,,,,,,,,,,,,,,,,,,,,
Tuvalu,,,,,,,,,,,,,,,,,,,,,,,,,,,,,,,,,,,,,,,,,,,,,,,,,,,
Uganda,,,,,,,,,,,,,,,,,,,,,,,,,,,,,,,,,,,,,,,,,,,,,,,,,,,
Ukraine,,,,,,,,,,,,,,,,,,,,,,,,,,,,,,,0.002629321,0.002295756,0.002162889,0.001946808,0.001701502,0.001596395,0.00145067,0.001484624,0.001495713,0.001530281,0.001563373,0.001575165,0.001597783,0.001667772,0.001696452,0.001725543,0.001781592,0.001763104,0.001767466,0.001682459,
United Arab Emirates,,,,,,,,,,,,0.19368625,0.185198561,0.198712344,0.183552592,0.158244195,0.155387929,0.139756917,0.114212535,0.102847419,0.088773398,0.075537701,0.061353248,0.054429208,0.05027454,0.047002011,0.051251692,0.052816057,0.05194379,0.059136875,0.060928967,0.066649042,0.066512273,0.061878001,0.059814784,0.058347066,0.057422449,0.056361146,0.054775304,0.049273414,0.051558898,0.048365783,0.045772613,0.048024762,0.04677689,0.042844983,0.039705337,0.034315449,0.030131014,0.024326897,
United Kingdom,0.002185024,0.002143687,0.00221561,0.002189795,0.002158503,0.002110765,0.001988658,0.001987196,0.001933014,0.001837192,0.001821117,0.001967194,0.001805758,0.001934959,0.001828462,0.002040756,0.002249698,0.002748455,0.002973876,0.003427931,0.003513985,0.003682628,0.00393395,0.004139001,0.003636856,0.004214198,0.004369544,0.004269,0.004111042,0.003663781,0.003635413,0.003743066,0.003736866,0.003873145,0.004229375,0.00444041,0.004624345,0.004600233,0.004648823,0.004799345,0.004628083,0.004439211,0.004354568,0.004137353,0.003768081,0.003410596,0.003087439,0.002899248,0.002722568,0.002577556,0.002412391
United States,0.005178338,0.005144896,0.005284724,0.005458926,0.00558627,0.005701325,0.005964858,0.006359995,0.006519984,0.006607449,0.006926423,0.006796207,0.006867856,0.006767996,0.006579271,0.006424416,0.006413245,0.006472251,0.006505084,0.006703837,0.006758455,0.006670345,0.006529031,0.006207564,0.006651448,0.006508597,0.006397782,0.006469148,0.006516303,0.006443511,0.006522896,0.006419401,0.00637921,0.006124628,0.006291468,0.006230055,0.006229808,0.006144975,0.006117519,0.005979836,0.005901967,0.005913718,0.005739886,0.005610483,0.005595887,0.00549505,0.005522531,0.00552114,0.005579863,0.005480905,0.005608882
Uruguay,,,,,,,,,,,,0.000184435,0.000174625,0.000190632,0.000185833,0.000184053,0.000189048,0.00020319,0.000206812,0.000195378,0.000262881,0.000285767,0.000308137,0.000375711,0.000378501,0.000370124,0.00040749,0.000406503,0.000333717,0.000291298,0.000369452,0.000347735,0.0003997,0.000375478,0.000368383,0.000314368,0.000301909,0.000319456,0.000374913,0.000278205,0.000309671,0.000363964,0.000372118,0.000350062,0.00025668,0.000306946,0.000235884,0.000367387,0.000413863,0.000452403,
Uzbekistan,,,,,,,,,,,,,,,,,,,,,,,,,,,,,,,0.0018836,0.00188684,0.001895728,0.00194686,0.002052107,0.002122871,0.00210247,0.002159908,0.002254609,0.002248837,0.002217704,0.002216459,0.002224513,0.002208333,0.002222479,0.002173489,0.00223082,0.002255934,0.002313162,0.002237301,
Vanuatu,,,,,,,,,,,,,,,,,,,,,,,,,,,,,,,,,,,,,,,,,,,,,,,,,,,
Venezuela,,,,,,,,,,,,0.019004613,0.016803318,0.017183588,0.014821502,0.011408094,0.010874122,0.010367372,0.009706765,0.010291793,0.009315576,0.008807653,0.007885295,0.007347352,0.007310979,0.006677681,0.006932456,0.006858371,0.006951631,0.006846706,0.007557806,0.008160749,0.008038096,0.008286741,0.008453528,0.00894871,0.00988727,0.010215802,0.009914049,0.008842937,0.009079204,0.008745667,0.008048101,0.006952386,0.008330558,0.008751386,0.008621963,0.00762936,0.007412662,0.007136452,
Vietnam,,,,,,,,,,,,0.000309075,0.00029638,0.000307966,0.000319762,0.00033391,0.000339317,0.000347161,0.000346533,0.000342303,0.000339922,0.000346832,0.0003473,0.000344667,0.000329911,0.000333135,0.000336991,0.00033846,0.000346902,0.000353306,0.000368269,0.000391156,0.000411063,0.000428026,0.000436969,0.000466554,0.000502193,0.00053275,0.000570551,0.000585354,0.000610812,0.000628683,0.000660428,0.000668285,0.000792994,0.000838243,0.000862836,0.000865756,0.000830692,0.000881947,
Virgin Islands (U.S.),,,,,,,,,,,,,,,,,,,,,,,,,,,,,,,,,,,,,,,,,,,,,,,,,,,
West Bank and Gaza,,,,,,,,,,,,,,,,,,,,,,,,,,,,,,,,,,,,,,,,,,,,,,,,,,,
"Yemen, Rep.",,,,,,,,,,,,7.81282E-06,7.93057E-06,7.81123E-06,7.88795E-06,7.92268E-06,7.91295E-06,7.86498E-06,7.78626E-06,7.68679E-06,7.57415E-06,7.44921E-06,7.31347E-06,7.17322E-06,7.03474E-06,7.0478E-06,4.203E-05,9.53611E-05,0.000733957,0.000792654,0.000785386,0.000823034,0.000676975,0.00078995,0.001166382,0.001141157,0.001111754,0.001126825,0.001114252,0.001147364,0.001242997,0.001210047,0.001180444,0.001128212,0.00103041,0.000990272,0.000879991,0.000752701,0.000674914,0.000652495,
Zambia,,,,,,,,,,,,0.00062916,0.000688462,0.000681002,0.000710109,0.00070797,0.000713292,0.000724988,0.0007032,0.00069662,0.000697565,0.000696385,0.000705543,0.000679633,0.000676047,0.000675609,0.000671408,0.00064014,0.000645149,0.000613576,0.000625674,0.000632504,0.0006105,0.000619219,0.000604833,0.000599987,0.000583964,0.000582951,0.000582584,0.000581961,0.000580804,0.000580777,0.000581175,0.000581024,0.000575016,0.000577648,0.00057797,0.000572606,0.000568198,0.000569119,
Zimbabwe,,,,,,,,,,,,0.000947579,0.000901367,0.000915856,0.000913006,0.000868389,0.000899951,0.000853648,0.000822963,0.000815981,0.000794707,0.000750833,0.000740816,0.000726011,0.000714592,0.000726822,0.000741672,0.000802124,0.000789315,0.000786667,0.000816648,0.000835347,0.000820129,0.000766793,0.000737775,0.000717227,0.000694232,0.00066669,0.000672347,0.000703189,0.000688929,0.000684319,0.000685567,0.000681541,0.000683515,0.000704783,0.000692618,0.000691426,0.000685277,0.000683853,